x,y,avg_d_kbps,avg_u_kbps,avg_lat_ms,tests,devices
0,2,68720,71893,5,14,1
0,119,229034.25,1352004,16,15,9
0,120,89254.6,513920,26,16,12
1,119,166868,289555,64,18,3
1,120,156585.66666666666,433686,17,29,11
2,4,357483,752496,14,3,3
2,5,371826,274448,5,1,1
3,4,99238,102427,4,1,1
3,6,191486.33333333334,533954,61,11,3
51,13,82511,46935,26,1,1
52,14,13717,4326,67,1,1
92,10,40202,6922,657,2,1