x,y,avg_d_kbps,avg_u_kbps,avg_lat_ms,tests,devices
6,11,5359,4303,14,1,1
7,10,103228.11111111111,811265,169,35,15
7,11,183142,206939,25,5,5
7,12,179319.2,561287,70,21,10
8,11,120926.38461538461,928622,298,43,31
8,12,9990.5,7263,129,2,2
10,14,14356.5,10374,82,3,2