x,y,avg_d_kbps,avg_u_kbps,avg_lat_ms,tests,devices
0,21,18012.666666666668,41212,39,3,3
0,53,4068,795,13,1,1
1,17,16604,790,9,1,1
1,20,31551,4135,7,1,1
2,19,18082,8403,57,1,1
9,41,11433,4412,73,1,1
13,64,11610,1005,14,2,1
14,62,1718,406,298,2,2
14,69,9599.5,5111,73,4,2
17,75,3913.5,876,35,19,7
17,76,13374,4082,83,5,2
18,75,12576.6,26487,124,22,7
18,76,7231.833333333333,9079,171,26,13
18,77,3762,937,96,17,2
19,75,3295,1025,37,3,2
19,76,3616,521,51,3,1