x,y,avg_d_kbps,avg_u_kbps,avg_lat_ms,tests,devices
18,124,15295,25003,40,1,1
19,123,42671.4,127827,225,78,30
20,120,20332,22176,39,4,2
69,118,64690,132427,82,17,4
69,119,90961,49868,19,2,1
125,124,17806.333333333332,41392,251,19,8
125,125,18831.166666666668,54234,320,84,22
126,124,32542.714285714286,186518,385,162,42
126,125,42725.875,214334,314,119,57
127,124,45678.833333333336,157149,233,103,28
127,125,28490.4,83583,742,118,26