x,y,avg_d_kbps,avg_u_kbps,avg_lat_ms,tests,devices
42,33,9583,8299,32,2,1
46,35,50457,58798,32,5,1
47,36,75824.33333333333,107878,106,4,3
47,39,71271,55697,30,1,1
47,40,65009,51023,35,1,1
48,36,7397.666666666667,42482,107,4,3
48,37,9907,10128,43,1,1
48,38,111535.5,324794,83,6,6
48,39,41738,36547,32,1,1
49,38,3528,469,35,1,1
71,14,3929,460,37,1,1
78,66,3160,893,150,2,2