x,y,avg_d_kbps,avg_u_kbps,avg_lat_ms,tests,devices
5,123,102719.33333333333,383502,28,9,3
6,123,104311,126458,9,1,1
7,86,9832,4768,672,1,1
13,122,1349,129,43,1,1
14,121,5811,284,45,1,1
21,46,5890.5,1328,87,7,3
36,16,2877.6666666666665,1662,118,15,3
39,87,2587,477,55,8,1
42,61,8861,10866,18,2,1
42,68,4719,3500,10,1,1
44,31,10226,7098,21,2,1
44,32,10768,5345,22,13,2
45,31,8512,25347,34,6,2
45,32,8653.5,35514,62,19,5
46,31,8788,25002,59,4,2
75,18,2600,306,74,4,2