x,y,avg_d_kbps,avg_u_kbps,avg_lat_ms,tests,devices
0,33,76195,158213,34,21,3
0,35,57350,29545,6,1,1
1,33,106836.25,397865,36,76,7
1,34,110990.33333333333,403238,13,7,4
20,16,314728,347684,4,1,1
43,6,48761,99135,5,2,1
43,7,50798.666666666664,141319,15,11,4
43,8,103490.4,744815,28,13,10
43,10,106052,103004,5,1,1
44,8,100686.33333333333,585147,56,18,11
44,9,129435,369022,12,22,4
44,10,127553.83333333333,974898,32,17,9
45,10,159998.5,331628,9,30,10
45,11,111867,262234,12,3,3
67,2,15146,6427,61,1,1