x,y,avg_d_kbps,avg_u_kbps,avg_lat_ms,tests,devices
23,118,21312.5,40404,101,9,5
24,115,21989.833333333332,30516,329,21,11
24,116,27660,103426,728,112,31
24,117,11138.166666666666,14323,313,38,11
24,118,5916.666666666667,2111,171,16,3
25,114,9279.57142857143,7185,470,54,8
25,115,3294.3333333333335,4322,220,4,3
25,116,13955,876,48,1,1
25,117,7039,1040,133,12,3
26,113,10399,933,63,14,2
26,114,13628,26028,173,15,4
26,117,934,1414,43,2,1
27,117,27065,15545,54,5,2