x,y,avg_d_kbps,avg_u_kbps,avg_lat_ms,tests,devices
2,118,5660,2222,823,1,1
108,6,125519,12817,139,1,1
111,0,38401.5,103426,14,2,2
112,0,51569.5,102237,13,3,2
114,1,123402,75326,7,2,1
114,4,43581.5,92807,12,3,2
117,7,47855,48395,5,11,7
118,5,60768.22222222222,510828,79,29,16
119,1,71866.5,147248,10,2,2
119,3,34950,97208,144,14,11
119,4,58657,95100,12,2,2
120,2,75652.88888888889,603164,174,50,23
121,1,88954.75,362943,24,24,12
121,2,87229.26666666666,2126468,638,189,91
122,2,54385,68433,4,1,1