x,y,avg_d_kbps,avg_u_kbps,avg_lat_ms,tests,devices
1,115,9676,53122,192,11,5
1,116,13745.833333333334,142029,268,60,9
2,115,6223.5,23893,203,14,6
2,116,9126.857142857143,94236,707,52,13
4,111,3827,1218,142,7,3
5,112,21195,4817,34,1,1