x,y,avg_d_kbps,avg_u_kbps,avg_lat_ms,tests,devices
95,46,1720,1870,792,4,1
122,10,312903,421434,22,1,1
122,12,145601,419470,41,16,8
123,9,184161.33333333334,782573,55,10,10
123,10,62533,76794,20,1,1
123,12,2580,535,53,1,1
124,8,259147.33333333334,899467,64,5,4
124,9,47999,100256,22,7,5
125,7,243286,303702,22,3,3
126,7,65889,47211,21,1,1
127,0,204441,304323,21,1,1
127,5,171659,119993,23,7,2
127,7,266164,593233,27,5,5
127,8,91459,101542,20,6,5