x,y,avg_d_kbps,avg_u_kbps,avg_lat_ms,tests,devices
6,2,727,120,159,1,1
6,4,383673.5,615140,68,5,3
7,4,136937.8,1406168,202,78,17
8,3,38599.5,51765,100,9,2
11,8,158433.0625,2659037,447,49,28
15,10,32229,33968,93,4,2
16,2,50291.5,46665,103,5,2
25,6,101411.77777777778,959316,83,104,14
25,7,57350,29545,6,1,1
29,3,314728,347684,4,1,1
34,1,95057.33333333333,1939438,116,66,30
34,2,128646,1671764,58,51,23
39,0,15146,6427,61,1,1