x,y,avg_d_kbps,avg_u_kbps,avg_lat_ms,tests,devices
119,79,292559,140309,15,2,1
122,77,283709,140326,13,2,1
123,77,83594,35441,49,3,1
123,78,71756,66487,18,1,1
124,70,125984,74245,17,8,7
124,77,191756.66666666666,592793,142,16,15
124,78,93589,82376,48,1,1
125,73,206318.5,426627,61,2,2
125,77,99925.33333333333,292720,171,9,5
125,78,483601,91837,16,1,1
125,79,40896,45745,12,1,1
126,79,43389,61377,73,61,9
127,75,19099,769,74,1,1
127,80,24432,1685,73,1,1