x,y,avg_d_kbps,avg_u_kbps,avg_lat_ms,tests,devices
38,70,29549,1618,600,3,1
46,88,626,826,46,1,1
48,87,8036.333333333333,31781,121,7,5
49,88,5646,8555,38,1,1
56,81,1498.6666666666667,4384,133,8,7
56,114,7181,3880,47,1,1
57,116,1634,876,1361,6,2
58,79,1806,1746,43,7,4
58,88,947,67,561,4,1
62,105,795,528,58,1,1
63,126,1709,3607,61,8,5
65,126,3390,5632,89,7,5
122,71,18164,4513,56,1,1