x,y,avg_d_kbps,avg_u_kbps,avg_lat_ms,tests,devices
0,99,41658,35625,46,1,1
1,99,26522,24830,67,3,1
2,105,3064,17695,86,14,3
9,68,944,13702,106,1,1
10,68,1504,9642,85,3,2
11,68,2528,5937,51,5,2
12,68,19363.285714285714,79848,431,70,33
12,69,10820,860,49,10,2
13,68,11689.333333333334,13351,227,27,6
13,69,3953,36596,400,17,7
25,112,1792,2044,82,9,3
26,102,1019,7254,74,1,1
26,106,2327,6074,127,17,3
27,105,3915,24693,64,2,2
29,105,2949,7967,96,2,1
31,112,728,4161,89,1,1
40,122,11458,7789,35,2,2