x,y,avg_d_kbps,avg_u_kbps,avg_lat_ms,tests,devices
3,40,6162,773,36,1,1
8,57,4427,1136,646,6,2
9,56,3160.1666666666665,2235,329,30,7
9,57,7106,1054,74,46,2
20,53,5347,402,62,2,1
38,68,3386,361,40,2,1
39,68,5701.5,854,75,2,2
40,47,5145.333333333333,1194,153,3,3
65,50,28538,18013,74,2,1
67,29,5020,823,68,1,1
78,71,4950,1257,112,8,4
80,81,1022,158,393,3,2
80,92,7739,381,47,1,1
82,59,4834,586,48,1,1
82,60,5808.25,2120,259,7,6
82,61,5784,1061,160,7,6