x,y,avg_d_kbps,avg_u_kbps,avg_lat_ms,tests,devices
116,4,13561,4223,32,18,1
118,8,14388,4797,29,19,5
118,11,10049,627,52,1,1
119,8,12558.666666666666,4226,182,8,6
119,9,8661,5587,102,657,16
119,10,5776,833,12,1,1
120,9,22981.5,37707,58,64,23
120,10,20676.666666666668,42283,120,345,62
120,11,7845,533,121,30,6
121,9,15874,25885,59,33,10
121,10,8543,5492,35,14,5
121,11,40372,79651,95,92,41
122,10,63846,62006,14,6,3
122,11,94481,41741,43,1,1
122,12,11511,10491,31,14,2
124,15,12610,3302,64,6,5