x,y,avg_d_kbps,avg_u_kbps,avg_lat_ms,tests,devices
0,15,51221,10310,62,4,1
2,6,115753,142558,8,3,3
2,7,37010.333333333336,61629,93,80,27
2,8,44084.5,84890,37,46,16
2,9,16412,4721,17,1,1
3,7,46649,40737,19,15,8
3,8,47115,43333,30,12,6
3,9,13412,14522,20,2,2
4,7,109811.33333333333,384236,35,16,9
4,8,176441,244580,7,1,1
4,9,38787.333333333336,81622,70,32,12
5,7,17199,12318,33,2,2
5,10,9397,8305,19,2,1