x,y,avg_d_kbps,avg_u_kbps,avg_lat_ms,tests,devices
31,10,1998.5,1305,128,30,3
37,7,2617.3333333333335,3666,670,94,8
37,8,6492,1422,108,13,2
37,9,4888,627,92,3,1
38,8,6657,609,74,4,1
39,6,2888.75,1044,306,24,8
39,7,4342.75,8753,585,76,24
39,8,3232.75,1463,300,51,6
40,6,3399.714285714286,4179,593,212,28
40,7,3254.2,4333,713,87,28
40,8,1638,762,56,3,1
41,6,2165.8,1243,557,14,6
41,7,3594.285714285714,3016,440,62,14
41,8,2095,768,98,2,1
42,6,1379,580,177,4,3
42,7,750.6666666666666,1560,488,8,3